{"cameraMode":{"drawMode":2,"name":"Shaded Wireframe","section":"Shading Mode"},"sceneLighting":true,"audioPlay":false,"sceneViewState":{"m_AlwaysRefresh":false,"showFog":true,"showSkybox":true,"showFlares":true,"showImageEffects":true,"showParticleSystems":true,"showVisualEffectGraphs":true,"m_FxEnabled":true},"in2DMode":false,"pivot":{"x":0.14927947521209718,"y":1.0681880712509156,"z":-0.13555723428726197},"rotation":{"x":-0.4620125889778137,"y":-0.21236774325370789,"z":0.11498093605041504,"w":-0.8533849120140076},"size":1.9060324430465699,"orthographic":false}