{"cameraMode":{"drawMode":0,"name":"Shaded","section":"Shading Mode"},"sceneLighting":true,"audioPlay":false,"sceneViewState":{"m_AlwaysRefresh":false,"showFog":true,"showSkybox":true,"showFlares":true,"showImageEffects":true,"showParticleSystems":true,"showVisualEffectGraphs":true,"m_FxEnabled":true},"in2DMode":false,"pivot":{"x":850.8292846679688,"y":866.9540405273438,"z":-1051.78662109375},"rotation":{"x":0.26174068450927737,"y":0.030795855447649957,"z":-0.00929306261241436,"w":0.9649505019187927},"size":0.8660253882408142,"orthographic":false}