{"cameraMode":{"drawMode":2,"name":"Shaded Wireframe","section":"Shading Mode"},"sceneLighting":true,"audioPlay":false,"sceneViewState":{"m_AlwaysRefresh":false,"showFog":true,"showSkybox":true,"showFlares":true,"showImageEffects":true,"showParticleSystems":true,"showVisualEffectGraphs":true,"m_FxEnabled":true},"in2DMode":false,"pivot":{"x":15.783506393432618,"y":27.191293716430665,"z":16.401639938354493},"rotation":{"x":-0.0004040590429212898,"y":-0.7305327653884888,"z":0.6830353736877441,"w":-0.0008078786777332425},"size":0.7228889465332031,"orthographic":false}