{"cameraMode":{"drawMode":0,"name":"Shaded","section":"Shading Mode"},"sceneLighting":true,"audioPlay":false,"sceneViewState":{"m_AlwaysRefresh":false,"showFog":true,"showSkybox":true,"showFlares":true,"showImageEffects":true,"showParticleSystems":true,"showVisualEffectGraphs":true,"m_FxEnabled":true},"in2DMode":false,"pivot":{"x":30.016469955444337,"y":-0.030846357345581056,"z":27.036693572998048},"rotation":{"x":-0.03585562855005264,"y":-0.962907612323761,"z":0.16879025101661683,"w":-0.20796217024326325},"size":1.1801903247833253,"orthographic":false}