{"cameraMode":{"drawMode":0,"name":"Shaded","section":"Shading Mode"},"sceneLighting":true,"audioPlay":false,"sceneViewState":{"m_AlwaysRefresh":false,"showFog":true,"showSkybox":true,"showFlares":true,"showImageEffects":true,"showParticleSystems":true,"showVisualEffectGraphs":true,"m_FxEnabled":true},"in2DMode":false,"pivot":{"x":254.1692657470703,"y":-268.0857849121094,"z":935.331298828125},"rotation":{"x":0.22399599850177766,"y":0.00023564633738715202,"z":-0.00010627090523485094,"w":0.9746341109275818},"size":729.5464477539063,"orthographic":false}