{"cameraMode":{"drawMode":0,"name":"Shaded","section":"Shading Mode"},"sceneLighting":true,"audioPlay":false,"sceneViewState":{"m_AlwaysRefresh":false,"showFog":true,"showSkybox":true,"showFlares":true,"showImageEffects":true,"showParticleSystems":true,"showVisualEffectGraphs":true,"m_FxEnabled":true},"in2DMode":false,"pivot":{"x":848.1174926757813,"y":283.0444641113281,"z":930.6864013671875},"rotation":{"x":-0.13730069994926454,"y":-0.004377817735075951,"z":0.0005676468135789037,"w":-0.9907604455947876},"size":1262.713134765625,"orthographic":false}