{"cameraMode":{"drawMode":0,"name":"Shaded","section":"Shading Mode"},"sceneLighting":true,"audioPlay":false,"sceneViewState":{"m_AlwaysRefresh":false,"showFog":true,"showSkybox":true,"showFlares":true,"showImageEffects":true,"showParticleSystems":true,"showVisualEffectGraphs":true,"m_FxEnabled":true},"in2DMode":false,"pivot":{"x":1137.9656982421875,"y":29.3155460357666,"z":-1446.5213623046875},"rotation":{"x":0.11168826371431351,"y":0.014498871751129628,"z":-0.001907939906232059,"w":0.9939250349998474},"size":1403.2261962890625,"orthographic":false}