{"cameraMode":{"drawMode":2,"name":"Shaded Wireframe","section":"Shading Mode"},"sceneLighting":false,"audioPlay":false,"sceneViewState":{"m_AlwaysRefresh":false,"showFog":true,"showSkybox":false,"showFlares":true,"showImageEffects":true,"showParticleSystems":true,"showVisualEffectGraphs":true,"m_FxEnabled":true},"in2DMode":false,"pivot":{"x":0.1271509975194931,"y":0.7620160579681397,"z":0.14593327045440675},"rotation":{"x":-0.6544811129570007,"y":0.021272048354148866,"z":-0.018551236018538476,"w":-0.7557497024536133},"size":1.1277904510498047,"orthographic":false}